Workbook

Sheet 设计总览
A1: 18650圆柱锂电池极片设计计算模板
A3: 一、核心设计输入参数
A4: 参数名称 | B4: 符号 | C4: 数值 | D4: 单位 | E4: 参数说明
A5: 电芯目标容量 | B5: C_cell | C5: 3000 | D5: mAh | E5: 18650常规容量：2000/2500/3000/3500mAh
A6: 正极可逆克容量 | B6: C_p,rev | C6: 160 | D6: mAh/g | E6: NCM523≈160mAh/g，LCO≈150mAh/g，LFP≈140mAh/g
A7: 负极可逆克容量 | B7: C_n,rev | C7: 350 | D7: mAh/g | E7: 天然石墨≈350mAh/g，人造石墨≈320mAh/g
A8: 正极活物质质量占比 | B8: w_p | C8: 0.94 | E8: 常规92%~96%
A9: 负极活物质质量占比 | B9: w_n | C9: 0.95 | E9: 常规93%~97%
A10: N/P负极过量比 | B10: N/P | C10: 1.1 | E10: 消费电芯常规1.08~1.15，动力电芯1.1~1.2
A11: 正极单面涂层面密度 | B11: AD_p | C11: 20 | D11: mg/cm² | E11: 能量型18~22mg/cm²，倍率型12~16mg/cm²
A12: 负极单面涂层面密度 | B12: AD_n | C12: 11 | D12: mg/cm² | E12: 匹配正极容量计算
A13: 正极压实密度 | B13: PD_p | C13: 3.5 | D13: g/cm³ | E13: NCM常规3.4~3.6g/cm³
A14: 负极压实密度 | B14: PD_n | C14: 1.65 | D14: g/cm³ | E14: 石墨常规1.6~1.7g/cm³
A15: 铝箔集流体厚度 | B15: t_Al | C15: 16 | D15: μm | E15: 常规15/16/20μm
A16: 铜箔集流体厚度 | B16: t_Cu | C16: 10 | D16: μm | E16: 常规8/10/12μm
A17: 隔膜厚度 | B17: t_sep | C17: 16 | D17: μm | E17: 常规12/16/20μm
A18: 卷针直径 | B18: D_roll | C18: 3.2 | D18: mm | E18: 常规3.0~3.5mm
A19: 极片敷料宽度 | B19: W_p | C19: 57 | D19: mm | E19: 18650常规56~58mm
A21: 二、核心计算结果
A22: 指标名称 | B22: 符号 | C22: 计算结果 | D22: 单位 | E22: 计算公式/说明
A23: 正极总面容量 | B23: SC_p | C23: =2*D5*D7*D4/1000 | D23: mAh/cm² | E23: SC_p = 2×AD_p×w_p×C_p,rev ÷ 1000
A24: 负极总面容量 | B24: SC_n | C24: =2*D6*D8*D5/1000 | D24: mAh/cm² | E24: SC_n = 2×AD_n×w_n×C_n,rev ÷ 1000
A25: 正极敷料总面积 | B25: S_p | C25: =D3*1000/(2*D7*D4*D5) | D25: cm² | E25: S_p = C_cell×1000 ÷ (2×AD_p×w_p×C_p,rev)
A26: 正极敷料长度 | B26: L_p | C26: =D24*100/D17 | D26: mm | E26: L_p = S_p ÷ W_p（单位转换为mm）
A27: 负极敷料长度 | B27: L_n | C27: =D25+30 | D27: mm | E27: L_n = L_p + 20~40mm余量
A28: 正极单面涂层厚度 | B28: t_coat,p | C28: =D7*10/D9 | D28: μm | E28: t_coat,p = AD_p×10 ÷ PD_p
A29: 负极单面涂层厚度 | B29: t_coat,n | C29: =D8*10/D10 | D29: μm | E29: t_coat,n = AD_n×10 ÷ PD_n
A30: 正极片总厚度 | B30: t_p | C30: =2*D27+D11 | D30: μm | E30: t_p = 2×t_coat,p + t_Al
A31: 负极片总厚度 | B31: t_n | C31: =2*D28+D12 | D31: μm | E31: t_n = 2×t_coat,n + t_Cu
A32: 单卷绕单元总厚度 | B32: T_unit | C32: =D29+D30+2*D13 | D32: μm | E32: T_unit = t_p + t_n + 2×t_sep
A33: 最大卷绕层数 | B33: k | C33: =(17.6-D16)/(D31/1000) | D33: 层 | E33: k = (D_core_max - D_roll) ÷ T_unit，D_core_max=17.6mm
A34: 卷芯理论外径 | B34: D_core | C34: =D16 + D31/1000*D32 | D34: mm | E34: D_core = D_roll + k×T_unit，需≤17.6mm

Sheet 容量匹配计算
A1: 18650极片容量匹配详细计算
A3: 一、正极容量计算
A4: 参数名称 | B4: 符号 | C4: 数值 | D4: 单位 | E4: 计算公式/说明
A5: 电芯目标容量 | B5: C_cell | C5: ='设计总览'!D3 | D5: mAh | E5: 目标额定容量
A6: 正极可逆克容量 | B6: C_p,rev | C6: ='设计总览'!D5 | D6: mAh/g | E6: 活性物质可逆比容量
A7: 正极活物质占比 | B7: w_p | C7: ='设计总览'!D4 | E7: 电极中活性物质的质量分数
A8: 正极单面涂层面密度 | B8: AD_p | C8: ='设计总览'!D7 | D8: mg/cm² | E8: 单面每平方厘米敷料质量
A9: 正极敷料宽度 | B9: W_p | C9: ='设计总览'!D17 | D9: mm | E9: 极片敷料宽度
A10: 正极敷料长度 | B10: L_p | C10: ='设计总览'!D25 | D10: mm | E10: 极片敷料总长度
A11: 正极敷料总面积 | B11: S_p | C11: =D6*D5/100 | D11: cm² | E11: S_p = L_p × W_p，单位转换为cm²
A12: 正极总活性物质质量 | B12: m_p | C12: =2*D4*D7/1000*D8 | D12: g | E12: m_p = 2×AD_p×S_p ÷ 1000，双面涂布
A13: 正极总可逆容量 | B13: C_p | C13: =D9*D3 | D13: mAh | E13: C_p = m_p × C_p,rev，电芯容量上限
A16: 二、负极容量与N/P比计算
A17: 参数名称 | B17: 符号 | C17: 数值 | D17: 单位 | E17: 计算公式/说明
A18: 负极可逆克容量 | B18: C_n,rev | C18: ='设计总览'!D6 | D18: mAh/g | E18: 活性物质可逆比容量
A19: 负极活物质占比 | B19: w_n | C19: ='设计总览'!D5 | E19: 电极中活性物质的质量分数
A20: 负极单面涂层面密度 | B20: AD_n | C20: ='设计总览'!D8 | D20: mg/cm² | E20: 单面每平方厘米敷料质量
A21: 负极敷料宽度 | B21: W_n | C21: ='设计总览'!D17+2.5 | D21: mm | E21: W_n = W_p + 2~3mm，全包正极
A22: 负极敷料长度 | B22: L_n | C22: ='设计总览'!D26 | D22: mm | E22: 负极比正极长20~40mm
A23: 负极敷料总面积 | B23: S_n | C23: =D21*D20/100 | D23: cm² | E23: S_n = L_n × W_n，单位转换为cm²
A24: 负极总活性物质质量 | B24: m_n | C24: =2*D19*D21/1000*D22 | D24: g | E24: m_n = 2×AD_n×S_n ÷ 1000，双面涂布
A25: 负极总可逆容量 | B25: C_n | C25: =D23*D18 | D25: mAh | E25: C_n = m_n × C_n,rev
A26: N/P负极过量比 | B26: N/P | C26: =D24/D14 | E26: N/P = C_n ÷ C_p，需≥1.05，防止析锂

Sheet 极片微观参数计算
A1: 18650极片微观参数详细计算
A3: 一、正极微观参数计算
A4: 参数名称 | B4: 符号 | C4: 数值 | D4: 单位 | E4: 计算公式/说明
A5: 正极单面涂层面密度 | B5: AD_p | C5: ='设计总览'!D7 | D5: mg/cm² | E5: 单面每平方厘米敷料质量
A6: 正极压实密度 | B6: PD_p | C6: ='设计总览'!D9 | D6: g/cm³ | E6: 辊压后电极的体积密度
A7: 正极单面涂层厚度 | B7: t_coat,p | C7: =D4*10/D5 | D7: μm | E7: t_coat,p = AD_p×10 ÷ PD_p
A8: 铝箔集流体厚度 | B8: t_Al | C8: ='设计总览'!D11 | D8: μm | E8: 正极集流体厚度
A9: 正极片总厚度 | B9: t_p | C9: =2*D6+D7 | D9: μm | E9: t_p = 2×t_coat,p + t_Al，双面涂层+集流体
A10: 正极活物质真密度 | B10: ρ_active,p | C10: 4.8 | D10: g/cm³ | E10: NCM≈4.8g/cm³，LCO≈5.1g/cm³
A11: 正极混合物质真密度 | B11: ρ_mix,p | C11: 4.2 | D11: g/cm³ | E11: 活物质+导电剂+粘结剂混合真密度
A12: 正极涂层孔隙率 | B12: ε_p | C12: =1-D5/D9 | E12: ε_p = 1 - PD_p/ρ_mix_p，常规25%~35%
A15: 二、负极微观参数计算
A16: 参数名称 | B16: 符号 | C16: 数值 | D16: 单位 | E16: 计算公式/说明
A17: 负极单面涂层面密度 | B17: AD_n | C17: ='设计总览'!D8 | D17: mg/cm² | E17: 单面每平方厘米敷料质量
A18: 负极压实密度 | B18: PD_n | C18: ='设计总览'!D10 | D18: g/cm³ | E18: 辊压后电极的体积密度
A19: 负极单面涂层厚度 | B19: t_coat,n | C19: =D17*10/D18 | D19: μm | E19: t_coat,n = AD_n×10 ÷ PD_n
A20: 铜箔集流体厚度 | B20: t_Cu | C20: ='设计总览'!D12 | D20: μm | E20: 负极集流体厚度
A21: 负极片总厚度 | B21: t_n | C21: =2*D19+D20 | D21: μm | E21: t_n = 2×t_coat,n + t_Cu，双面涂层+集流体
A22: 负极活物质真密度 | B22: ρ_active,n | C22: 2.2 | D22: g/cm³ | E22: 石墨≈2.2g/cm³
A23: 负极混合物质真密度 | B23: ρ_mix,n | C23: 2 | D23: g/cm³ | E23: 活物质+导电剂+粘结剂混合真密度
A24: 负极涂层孔隙率 | B24: ε_n | C24: =1-D18/D23 | E24: ε_n = 1 - PD_n/ρ_mix_n，常规30%~40%

Sheet 卷绕几何尺寸计算
A1: 18650极片卷绕几何尺寸详细计算
A3: 一、卷绕基础参数
A4: 参数名称 | B4: 符号 | C4: 数值 | D4: 单位 | E4: 计算公式/说明
A5: 卷针直径 | B5: D_roll | C5: ='设计总览'!D16 | D5: mm | E5: 卷绕用卷针直径
A6: 正极片总厚度 | B6: t_p | C6: ='设计总览'!D29 | D6: μm | E6: 单张正极片总厚度
A7: 负极片总厚度 | B7: t_n | C7: ='设计总览'!D30 | D7: μm | E7: 单张负极片总厚度
A8: 隔膜厚度 | B8: t_sep | C8: ='设计总览'!D13 | D8: μm | E8: 单层隔膜厚度
A9: 单卷绕单元总厚度 | B9: T_unit | C9: =D5+D6+2*D7 | D9: μm | E9: T_unit = t_p + t_n + 2×t_sep，1正1负2层隔膜
A10: 单卷绕单元总厚度 | B10: T_unit_mm | C10: =D8/1000 | D10: mm | E10: 单位转换为mm
A11: 18650钢壳内径 | B11: D_shell | C11: 17.8 | D11: mm | E11: 标准18650钢壳内径
A12: 卷芯最大允许外径 | B12: D_core_max | C12: 17.6 | D12: mm | E12: 预留0.2mm装配间隙，需≤17.6mm
A15: 二、卷绕层数与卷芯直径计算
A16: 参数名称 | B16: 符号 | C16: 数值 | D16: 单位 | E16: 计算公式/说明
A17: 最大可卷绕层数 | B17: k_max | C17: =(D12-D4)/D9 | D17: 层 | E17: k_max = (D_core_max - D_roll) ÷ T_unit_mm
A18: 实际卷绕层数 | B18: k | C18: =INT(D17) | D18: 层 | E18: 取整后的实际卷绕层数
A19: 第1层卷绕直径 | B19: D_1 | C19: =D4+D9 | D19: mm | E19: D_1 = D_roll + T_unit_mm
A20: 第1层周长 | B20: L_1 | C20: =PI()*D19 | D20: mm | E20: L_1 = π×D_1
A21: 第k层卷绕直径 | B21: D_k | C21: =D4+D18*D9 | D21: mm | E21: D_k = D_roll + k×T_unit_mm
A22: 第k层周长 | B22: L_k | C22: =PI()*D21 | D22: mm | E22: L_k = π×D_k
A23: 卷绕总长度（理论） | B23: L_total | C23: =D18*PI()*(D4 + D9*(D18+1)/2) | D23: mm | E23: 等差数列求和公式
A24: 正极实际长度 | B24: L_p | C24: ='设计总览'!D25 | D24: mm | E24: 正极敷料实际长度
A25: 负极实际长度 | B25: L_n | C25: ='设计总览'!D26 | D25: mm | E25: 负极敷料实际长度
A26: 卷芯最终外径 | B26: D_core | C26: =D4+D18*D9 | D26: mm | E26: D_core = D_roll + k×T_unit_mm，需≤17.6mm
A27: 外径裕量 | B27: D_margin | C27: =D12-D26 | D27: mm | E27: D_margin = D_core_max - D_core，需≥0

Sheet 行业标准参数参考
A1: 18650圆柱锂电池极片设计行业标准参数参考
A3: 一、正极标准参数
A4: 材料体系 | B4: 可逆克容量(mAh/g) | C4: 活物质占比(%) | D4: 单面面密度(mg/cm²) | E4: 压实密度(g/cm³) | F4: 单面涂层厚度(μm) | G4: 适用场景
A5: NCM523 | B5: 160 | C5: 94 | D5: 18~22 | E5: 3.4~3.6 | F5: 50~65 | G5: 消费级能量型
A6: NCM811 | B6: 190 | C6: 94 | D6: 16~20 | E6: 3.5~3.7 | F6: 45~60 | G6: 高镍能量型
A7: LCO | B7: 150 | C7: 95 | D7: 19~23 | E7: 3.8~4.0 | F7: 48~62 | G7: 消费级高电压型
A8: LFP | B8: 140 | C8: 93 | D8: 20~24 | E8: 3.2~3.4 | F8: 60~75 | G8: 动力/储能型
A10: 二、负极标准参数
A11: 材料体系 | B11: 可逆克容量(mAh/g) | C11: 活物质占比(%) | D11: 单面面密度(mg/cm²) | E11: 压实密度(g/cm³) | F11: 单面涂层厚度(μm) | G11: 适用场景
A12: 天然石墨 | B12: 350 | C12: 95 | D12: 10~13 | E12: 1.6~1.7 | F12: 60~75 | G12: 消费级能量型
A13: 人造石墨 | B13: 320 | C13: 95 | D13: 10~12 | E13: 1.6~1.7 | F13: 55~70 | G13: 动力/循环型
A14: 软碳 | B14: 300 | C14: 94 | D14: 9~11 | E14: 1.4~1.5 | F14: 60~70 | G14: 快充型
A15: 硅碳 | B15: 450 | C15: 92 | D15: 8~10 | E15: 1.5~1.6 | F15: 40~55 | G15: 高容量型
A17: 三、其他配套标准参数
A18: 参数类别 | B18: 参数名称 | C18: 常规取值 | D18: 单位 | E18: 说明
A19: 集流体 | B19: 铝箔厚度 | C19: 16 | D19: μm | E19: 正极常规15/16/20μm
A20: 集流体 | B20: 铜箔厚度 | C20: 10 | D20: μm | E20: 负极常规8/10/12μm
A21: 隔膜 | B21: 湿法隔膜厚度 | C21: 16 | D21: μm | E21: 常规12/16/20μm
A22: 卷绕 | B22: 卷针直径 | C22: 3.2 | D22: mm | E22: 常规3.0~3.5mm
A23: 安全 | B23: N/P负极过量比 | C23: 1.1 | E23: 消费电芯1.08~1.15，动力电芯1.1~1.2
A24: 尺寸 | B24: 极片敷料宽度 | C24: 57 | D24: mm | E24: 18650常规56~58mm
